Parent,Children
,Corporation
Corporation,Bikes
Corporation,Components
Corporation,Clothing
Corporation,Accessories
Bikes,Mountain Bikes
Bikes,Road Bikes
Bikes,Touring Bikes
Components,Handlebars
Components,Bottom Brackets
Components,Brakes
Components,Chains
Components,Cranksets
Components,Derailleurs
Compnents,Forks
Components,Headsets
Components,Mountain Frames
Components,Pedals
Components,Road Frames
Components,Saddles
Components,Touring Frames
Components,Wheels
Clothing,Bib-Shorts
Clothing,Caps
Clothing,Gloves
Clothing,Jerseys
Clothing,Shorts
Clothng,Socks
Clothing,Tights
Clothing,Vests
Accessories,Bike Racks
Accessories,Bike Stands
Accessories,Bottles and Cages
Accessories,Cleaners
Accessries,Fenders
Accessoris,Helmets
Accessories,Hydration Packs
Accessories,Lights
Accessories,Locks
Accessories,Panniers
Accessories,Pumps
Accessories,Tires and Tubes
