CityID,City,Country
1,abbotsford,canada
2,acton,canada
3,agassiz,canada
4,airdrie,canada
5,ajax,canada
6,aldergrove,canada
7,alert bay,canada
8,alexandria,canada
9,alliston,canada
10,alma,canada
11,almonte,canada
12,altona,canada
13,amherst,canada
14,amos,canada
15,anahim lake,canada
16,ancaster,canada
17,ancienne-lorette,canada
18,anjou,canada
19,antigonish,canada
20,arctic bay,canada
21,arnolds cove,canada
22,arnprior,canada
23,arviat,canada
24,ashcroft,canada
25,ashern,canada
26,athabasca,canada
27,aurora,canada
28,austin,canada
29,aylmer,canada
30,baie verte,canada
31,baie-comeau,canada
32,baie-d'urfe,canada
33,baker lake,canada
34,bala,canada
35,balmertown,canada
36,bancroft,canada
37,banff,canada
38,barrie,canada
39,barrington,canada
40,bashaw,canada
41,bathurst,canada
42,bay roberts,canada
43,beachburg,canada
44,beaconsfield,canada
45,beamsville,canada
46,beauharnois,canada
47,beaumont,canada
48,beauport,canada
49,beaupre,canada
50,beausejour,canada
51,beaverton,canada
52,bella bella,canada
53,bella coola,canada
54,belleville,canada
55,beloeil,canada
56,berthierville,canada
57,black diamond,canada
58,blackfalds,canada
59,blainville,canada
60,blind river,canada
61,blue river,canada
62,boisbriand,canada
63,boischatel,canada
64,boissevain,canada
65,bolton,canada
66,bonaventure,canada
67,bonnyville,canada
68,bonshaw,canada
69,boucherville,canada
70,bowmanville,canada
71,bracebridge,canada
72,bradford,canada
73,brampton,canada
74,brandon,canada
75,brantford,canada
76,bridgewater,canada
77,brockville,canada
78,bromont,canada
79,bromptonville,canada
80,brooks,canada
81,brossard,canada
82,burgessville,canada
83,burlington,canada
84,burnaby,canada
85,burns lake,canada
86,cabano,canada
87,caledon,canada
88,caledon east,canada
89,calgary,canada
90,calmar,canada
91,cambridge,canada
92,cambridge bay,canada
93,campbell river,canada
94,camrose,canada
95,candiac,canada
96,canmore,canada
97,cantley,canada
98,cap-aux-meules,canada
99,cape dorset,canada
100,cardston,canada
101,carignan,canada
102,carman,canada
103,caronport,canada
104,carp,canada
105,casselman,canada
106,castlegar,canada
107,castor,canada
108,chambly,canada
109,charlesbourg,canada
110,charlottetown,canada
111,charny,canada
112,chase,canada
113,chateauguay,canada
114,chatham,canada
115,chelmsford,canada
116,chesley,canada
117,chesterfield inlet,canada
118,chesterville,canada
119,chetwynd,canada
120,chicoutimi,canada
121,chilliwack,canada
122,chomedey,canada
123,clarenville,canada
124,clarkson,canada
125,clifford,canada
126,clinton,canada
127,cloverdale,canada
128,cobalt,canada
129,cobourg,canada
130,cochrane,canada
131,cold lake,canada
132,collingwood,canada
133,comber,canada
134,comox,canada
135,concord,canada
136,contrecoeur,canada
137,cooksville,canada
138,coquitlam,canda
139,coral harbour,canada
140,corner brook,canada
141,cornwall,canada
142,cote-saint-luc,canada
143,cottam,canada
144,courtenay,canada
145,cowansville,canada
146,cranbrook,canada
147,cumberland,canada
148,dalhousie,canada
149,dartmouth,canada
150,dauphin,canada
151,dawson creek,canada
152,deer lake,canada
153,delson,canada
154,delta,canada
155,devon,canada
156,didsbury,canada
157,dieppe,canada
158,digby,canada
159,dollard-des-ormeaux,canada
160,don mills,canada
161,dorval,canada
162,drayton valley,canada
163,drumheller,canada
164,drummondville,canada
165,dryden,canada
166,dublin,canada
167,duncan,canada
168,dundas,canada
169,east york,canada
170,eckville,canada
171,edmonton,canada
172,edmundston,canada
173,edson,canada
174,elk point,canada
175,elliot lake,canada
176,espanola,canada
177,essex,canada
178,esterhazy,canada
179,estevan,canada
180,etobicoke,canada
181,evansburg,canada
182,exeter,canada
183,fairview,canada
184,farnham,canada
185,fenelon falls,canada
186,fleurimont,canada
187,florenceville,canada
188,fogo,canada
189,forest,canada
190,forestburg,canada
191,fraser lake,canada
192,fredericton,canada
193,ft erie,canada
194,ft fraser,canada
195,ft mcmurray,canada
196,ft nelson,canada
197,ft saskatchewan,canada
198,ft st james,canada
199,ft st john,canada
200,ft vermilion,canada
201,gander,canada
202,gaspe,canada
203,gatineau,canada
204,georgetown,canada
205,gibsons,canada
206,gimli,canada
207,gloucester,canada
208,glovertown,canada
209,goose bay,canada
210,gormley,canada
211,granby,canada
212,grande cache,canada
213,grande prairie,canada
214,grande-riviere,canada
215,grates cove,canada
216,gravenhurst,canada
217,greenfield park,canada
218,grimsby,canada
219,grimshaw,canada
220,guelph,canada
221,gypsumville,canada
222,hagersville,canada
223,halifax,canada
224,hamilton,canada
225,haney,canada
226,hanna,canada
227,hanover,canada
228,harbour grace,canada
229,hartley bay,canada
230,havre-saint-pierre,canada
231,hawkesbury,canada
232,hearst,canada
233,hemmingford,canada
234,high prairie,canada
235,hinton,canada
236,hobbema,canada
237,holland landing,canada
238,hope,canada
239,houston,canada
240,hull,canada
241,humboldt,canada
242,huntsville,canada
243,iberville,canada
244,igloolik,canada
245,ingersoll,canada
246,innisfil,canada
247,inuvik,canada
248,iqaluit,canada
249,irricana,canada
250,joliette,canada
251,jonquiere,canada
252,kahnawake,canada
253,kamloops,canada
254,kanata,canada
255,kapuskasing,canada
256,kaslo,canada
257,keewatin,canada
258,kelowna,canada
259,kemptville,canada
260,kenora,canada
261,keswick,canada
262,killam,canada
263,killarney,canada
264,kimberly,canada
265,kincardine,canada
266,kindersley,canada
267,king city,canada
268,kingston,canada
269,kingsville,canada
270,kippens,canada
271,kirkland,canada
272,kitchener,canada
273,kitimat,canada
274,kleinburg,canada
275,la baie,canada
276,la malbaie,canada
277,la prairie,canada
278,la salle,canada
279,labrador city,canada
280,lachenaie,canada
281,lachine,canada
282,lachute,canada
283,lacombe,canada
284,ladner,canada
285,lakefield,canada
286,langdon,canada
287,langley,canada
288,lansdowne,canada
289,lasalle,canada
290,l'assomption,canada
291,laurierville,canada
292,laval,canada
293,le gardeur,canada
294,leamington,canada
295,leduc,canada
296,lennoxville,canada
297,lethbridge,canada
298,levis,canada
299,lewisporte,canada
300,lincoln,canada
301,lindsay,canada
302,listowel,canada
303,little current,canada
304,lloydminster,canada
305,london,canada
306,longlac,canada
307,longueuil,canada
308,l'orignal,canada
309,lourdes,canada
310,lytton,canada
311,magog,canada
312,malton,canada
313,maniwaki,canada
314,manotick,canada
315,maple,canada
316,maple ridge,canada
317,marathon,canada
318,marieville,canada
319,markdale,canada
320,markham,canada
321,marwayne,canada
322,marystown,canada
323,mascouche,canada
324,masset,canada
325,matane,canada
326,mayerthorpe,canada
327,mccreary,canada
328,mcgregor,canada
329,mclennan,canada
330,meadow lake,canada
331,meaford,canada
332,medicine hat,canada
333,mercier,canada
334,merritt,canada
335,miami,canada
336,midhurst,canada
337,midland,canada
338,millbrook,canada
339,milton,canada
340,milverton,canada
341,mirabel,canada
342,miramichi,canada
343,mission,canada
344,mississauga,canada
345,moncton,canada
346,montmagny,canada
347,montreal-nord,canada
348,mont-royal,canada
349,mont-tremblant,canada
350,moose creek,canada
351,moose factory,canada
352,moose jaw,canada
353,moosonee,canada
354,morinville,canada
355,morris,canada
356,mount albert,canada
357,mount pearl,canada
358,nakusp,canada
359,nanaimo,canada
360,nanton,canada
361,napanee,canada
362,nelson,canada
363,nepean,canada
364,new carlisle,canada
365,new dundee,canada
366,new glasgow,canada
367,new harbour tb,canada
368,new liskeard,canada
369,new minas,canada
370,new westminster,canada
371,newcastle,canada
372,newmarket,canada
373,niagara falls,canada
374,niagara on the lake,canada
375,nicolet,canada
376,nisku,canada
377,north battleford,canada
378,north bay,canada
379,north saanich,canada
380,north vancouver,canada
381,north york,canada
382,norway house,canada
383,norwich,canada
384,oakville,canada
385,okotoks,canada
386,olds,canada
387,oliver,canada
388,onanole,canada
389,orangeville,canada
390,orillia,canada
391,orleans,canada
392,oshawa,canada
393,ottawa,canada
394,otterburne,canada
395,outremont,canada
396,owen sound,canada
397,pangnirtung,canada
398,papineauville,canada
399,paquetville,canada
400,paris,canada
401,parksville,canada
402,peace river,canada
403,pefferlaw,canada
404,pemberton,canada
405,pembroke,canada
406,penetanguishene,canada
407,penticton,canada
408,peterborough,canada
409,pickering,canada
410,picton,canada
411,pierrefonds,canada
412,pinawa,canada
413,pincher creek,canada
414,pincourt,canada
415,pitt meadows,canada
416,placentia,canada
417,point edward,canada
418,pointe-aux-trembles,canada
419,pointe-calumet,canada
420,pointe-claire,canada
421,pond inlet,canada
422,ponoka,canada
423,pont-viau,canada
424,port alberni,canada
425,port coquitlam,canada
426,port credit,canada
427,port hardy,canada
428,port hope,canada
429,port moody,canada
430,port perry,canada
431,portage la prairie,canada
432,port-cartier,canada
433,powell river,canada
434,prince albert,canada
435,prince george,canada
436,prince rupert,canada
437,princeton,canada
438,provost,canada
439,quebec,canada
440,quesnel,canada
441,rankin inlet,canada
442,red deer,canada
443,regina,canada
444,renfrew,canada
445,repentigny,canada
446,revelstoke,canada
447,rexdale,canada
448,richelieu,canada
449,richer,canada
450,richmond,canada
451,richmond hill,canada
452,ridgetown,canada
453,rigaud,canada
454,rimbey,canada
455,rimouski,canada
456,ripley,canada
457,riverview,canada
458,riviere-du-loup,canada
459,roberval,canada
460,rock forest,canada
461,rockland,canada
462,rocky mountain house,canada
463,rosemere,canada
464,rouyn-noranda,canada
465,roxboro,canada
466,sackville,canada
467,salaberry-de-valleyfield,canada
468,salmon arm,canada
469,sanikiluaq,canada
470,sarnia,canada
471,saskatoon,canada
472,sault ste marie,canada
473,sayward,canada
474,scarborough,canada
475,schomberg,canada
476,schreiber,canada
477,sedgewick,canada
478,selkirk,canada
479,senneville,canada
480,sept-iles,canada
481,sharbot lake,canada
482,shawinigan,canada
483,shawnigan lake,canada
484,shediac,canada
485,shelburne,canada
486,sherbrooke,canada
487,sherwood park,canada
488,sidney,canada
489,sillery,canada
490,simcoe,canada
491,sioux lookout,canada
492,slave lake,canada
493,smithers,canada
494,smiths falls,canada
495,sorel-tracy,canada
496,spencerville,canada
497,springdale,canada
498,spruce grove,canada
499,squamish,canada
500,st adolphe,canada
501,st albans,canada
502,st albert,canada
503,st catharines,canada
504,st georges,canada
505,st jacobs,canada
506,st john,canada
507,st johns,canada
508,st paul,canada
509,st thomas,canada
510,stand off,canada
511,st-augustin,canada
512,st-basile-le-grand,canada
513,st-bruno,canada
514,st-bruno-de-montarville,canada
515,st-constant,canada
516,ste catherine,canada
517,ste-agathe-des-monts,canada
518,ste-anne-de-bellevue,canada
519,ste-anne-des-monts,canada
520,ste-dorothee,canada
521,ste-foy,canada
522,ste-genevieve,canada
523,steinbach,canada
524,stephenville,canada
525,ste-sophie,canada
526,ste-therese,canada
527,stettler,canada
528,st-eustache,canada
529,st-felicien,canada
530,st-georges,canada
531,st-georges-de-champlain,canada
532,st-hubert,canada
533,st-hyacinthe,canada
534,stittsville,canada
535,st-jean-sur-richelieu,canada
536,st-jerome,canada
537,st-jovite,canada
538,st-lambert,canada
539,st-laurent,canada
540,st-leonard,canada
541,st-mathieu-de-beloeil,canada
542,st-michel-des-saints,canada
543,st-norbert,canada
544,stonewall,canada
545,stoney creek,canada
546,stony mountain,canada
547,stony plain,canada
548,st-pierre,canada
549,st-quentin,canada
550,stratford,canada
551,strathmore,canada
552,strathroy,canada
553,streetsville,canada
554,st-remi,canada
555,st-romuald,canada
556,st-timothee,canada
557,st-tite,canada
558,sturgeon falls,canada
559,st-zotique,canada
560,sudbury,canada
561,summerside,canada
562,sunderland,canada
563,surrey,canada
564,swan hills,canada
565,swan river,canada
566,swift current,canada
567,sydney,canada
568,taber,canada
569,tecumseh,canada
570,temiscaming,canada
571,terrace,canada
572,terrace bay,canada
573,terrebonne,canada
574,the pas,canada
575,thedford,canada
576,thetford mines,canada
577,thompson,canada
578,thornbury,canada
579,thornhill,canada
580,thorold,canada
581,thorsby,canada
582,three hills,canada
583,thunder bay,canada
584,timmins,canada
585,tiverton,canada
586,tofield,canada
587,toronto,canada
588,tracy,canada
589,trail,canada
590,trenton,canada
591,trois-pistoles,canada
592,trois-rivieres,canada
593,trout lake,canada
594,truro,canada
595,tumbler ridge,canada
596,twillingate,canada
597,two hills,canada
598,ucluelet,canada
599,unionville,canada
600,uxbridge,canada
601,val-belair,canada
602,valcourt,canada
603,val-d'or,canada
604,valemount,canada
605,valleyfield,canada
606,valleyview,canada
607,vancouver,canada
608,vanderhoof,canada
609,vanier,canada
610,varennes,canada
611,vaudreuil,canada
612,vaudreuil-dorion,canada
613,vaughan,canada
614,vegreville,canada
615,verdun,canada
616,vermilion,canada
617,vernon,canada
618,victoria,canada
619,victoriaville,canada
620,virden,canada
621,virgil,canada
622,wainwright,canada
623,wallaceburg,canada
624,warman,canada
625,warwick,canada
626,waterford,canada
627,waterloo,canada
628,wawa,canada
629,welland,canada
630,west vancouver,canada
631,westbank,canada
632,westlock,canada
633,westmount,canada
634,weston,canada
635,wetaskiwin,canada
636,weyburn,canada
637,whistler,canada
638,whitby,canada
639,white rock,canada
640,whitecourt,canada
641,whitehorse,canada
642,willowdale,canada
643,windsor,canada
644,wingham,canada
645,winkler,canada
646,winnipeg,canada
647,winona,canada
648,winterton,canada
649,wolfville,canada
650,woodbridge,canada
651,woodstock,canada
652,wyoming,canada
653,yarmouth,canada
654,yellowknife,canada
655,york,canada
656,yorkton,canada
657,montreal,canda
658,narbonne,frace
659,acheres,france
660,agde,france
661,agen,france
662,aix-en-provence,france
663,ajaccio,france
664,albert,france
665,albi,france
666,alencon,france
667,ales,france
668,alfortville,france
669,algolsheim,france
670,amiens,france
671,amneville,france
672,angers,france
673,anglet,france
674,angouleme,france
675,annecy,france
676,annecy-le-vieux,france
677,annemasse,france
678,antibes,france
679,antony,france
680,aol,france
681,archamps,france
682,arcueil,france
683,ares,france
684,argenteuil,france
685,arles,france
686,armentieres,france
687,arras,france
688,asnieres-sur-seine,france
689,athis-mons,france
690,aubagne,france
691,aubenas,france
692,aubergenville,france
693,aubervilliers,france
694,aubiere,france
695,aubrives,france
696,auch,france
697,auray,france
698,aurillac,france
699,autun,france
700,auvers-sur-oise,france
701,auxerre,france
702,avignon,france
703,avion,france
704,avon,france
705,avranches,france
706,bagneux,france
707,bagnolet,france
708,bastia,france
709,bayonne,france
710,beaucaire,france
711,beaugency,france
712,beaumont-sur-oise,france
713,beaune,france
714,beautiran,france
715,beauvais,france
716,belfort,france
717,bellegarde,france
718,berck,france
719,bernay,france
720,besancon,france
721,bethune,france
722,beynes,france
723,beziers,france
724,bezons,france
725,biarritz,france
726,bidart,france
727,bievres,france
728,biganos,france
729,biot,france
730,blagnac,france
731,blois,france
732,bobigny,france
733,bois-colombes,france
734,bois-guillaume,france
735,bondoufle,france
736,bondy,france
737,bonneuil-sur-marne,france
738,bordeaux,france
739,bouguenais,france
740,boulogne-billancourt,france
741,boulogne-sur-mer,france
742,bourdeaux,france
743,bourg-en-bresse,france
744,bourges,france
745,bourg-la-reine,france
746,bourgoin-jallieu,france
747,brest,france
748,bretigny-sur-orge,france
749,briare,france
750,brie-comte-robert,france
751,brive-la-gaillarde,france
752,bron,france
753,bruges,france
754,brunoy,france
755,bruz,france
756,buc,france
757,bures-sur-yvette,france
758,cachan,france
759,caen,france
760,cahors,france
761,caissargues,france
762,calais,france
763,calvi,france
764,cambrai,france
765,canet-plage,france
766,cannes,france
767,carcassonne,france
768,carquefou,france
769,carros,france
770,carvin,france
771,castelnaudary,france
772,castres,france
773,caumont-sur-durance,france
774,cavaillon,france
775,cazeres,france
776,cergy,france
777,cergy-pontoise,france
778,cernay,france
779,cesson,france
780,cesson-sevigne,france
781,challans,france
782,chalons-en-champagne,france
783,chalons-sur-marne,france
784,chalon-sur-saone,france
785,chamalieres,france
786,chambery,france
787,champagnole,france
788,champlan,france
789,champs-sur-marne,france
790,chantilly,france
791,chaponost,france
792,charbonnieres-les-bains,france
793,charenton-le-pont,france
794,charleville-mezieres,france
795,chartres,france
796,chasseneuil-du-poitou,france
797,chateaudun,france
798,chateauroux,france
799,chatellerault,france
800,chatenay-malabry,france
801,chatillon,france
802,chatou,france
803,chaumont,france
804,chavenay,france
805,chemin,france
806,cherbourg,france
807,chevilly,france
808,chevilly-larue,france
809,chilly-mazarin,france
810,chinon,france
811,choisy-le-roi,france
812,cholet,france
813,clamart,france
814,clermont,france
815,clermont-ferrand,france
816,clichy,france
817,cluny,france
818,coignieres,france
819,colmar,france
820,colombes,france
821,colomiers,france
822,compiegne,france
823,corbeil,france
824,corbeil-essonnes,france
825,corenc,france
826,corte,france
827,coulommiers,france
828,courbevoie,france
829,courcouronnes,france
830,courdimanche,france
831,cournon,france
832,creil,france
833,creteil,france
834,creutzwald-la-croix,france
835,croissy-beaubourg,france
836,crosne,france
837,cusset,france
838,darnetal,france
839,decines-charpieu,france
840,descartes,france
841,deuil-la-barre,france
842,dieppe,france
843,digne,france
844,dijon,france
845,dinan,france
846,douai,france
847,draguignan,france
848,drancy,france
849,draveil,france
850,dreux,france
851,dunkerque,france
852,echirolles,france
853,ecully,france
854,eguilles,france
855,elancourt,france
856,eloyes,france
857,emerainville,france
858,ensisheim,france
859,epernay,france
860,epinal,france
861,eragny,france
862,ermont,france
863,erstein,france
864,etampes,france
865,etival clairefontaine,france
866,evreux,france
867,evry,france
868,eybens,france
869,ferrette,france
870,feurs,france
871,figeac,france
872,fleury,france
873,florange,france
874,foix,france
875,fontainebleau,france
876,fontenay-aux-roses,france
877,fontenay-le-fleury,france
878,fontenay-sous-bois,france
879,forbach,france
880,fos-sur-mer,france
881,fougeres,france
882,fourmies,france
883,franconville,france
884,freyming-merlebach,france
885,gaillard,france
886,gap,france
887,garches,france
888,gardanne,france
889,geispolsheim,france
890,gennevilliers,france
891,gentilly,france
892,gien,france
893,gif-sur-yvette,france
894,gonesse,france
895,goussainville,france
896,gouvieux,france
897,gradignan,france
898,grandvilliers,france
899,granville,france
900,grasse,france
901,gregy-sur-yerre,france
902,grenoble,france
903,guebwiller,france
904,guer,france
905,guilherand-granges,france
906,guyancourt,france
907,haguenau,france
908,hambach,france
909,haubourdin,france
910,hazebrouck,france
911,heillecourt,france
912,hem,france
913,herblay,france
914,herimoncourt,france
915,hesdin,france
916,hossegor,france
917,hyeres,france
918,igny,france
919,illkirch-graffenstaden,france
920,issoudun,france
921,issy-les-moulineaux,france
922,istres,france
923,ivry-sur-seine,france
924,joinville,france
925,joue-les-tours,france
926,jouy,france
927,la courneuve,france
928,la crau,france
929,la defense,france
930,la fleche,france
931,la gacilly,france
932,la garde,france
933,la madeleine,france
934,la ravoire,france
935,la ricamarie,france
936,la roche sur yon,france
937,la rochelle,france
938,la seyne-sur-mer,france
939,la tour,france
940,labege,france
941,lagny-sur-marne,france
942,lannion,france
943,laon,france
944,laval,france
945,laxou,france
946,le cannet,france
947,le chesnay,france
948,le creusot,france
949,le haillan,france
950,le havre,france
951,le kremlin-bicetre,france
952,le mans,france
953,le pecq,france
954,le petit-quevilly,france
955,le plessis robinson,france
956,le plessis-bouchard,france
957,le port,france
958,le raincy,france
959,le vaudreuil,france
960,le vesinet,france
961,lens,france
962,les lilas,france
963,les ulis,france
964,levallois-perret,france
965,libourne,france
966,lille,france
967,limoges,france
968,limonest,france
969,lingolsheim,france
970,lisses,france
971,lognes,france
972,longjumeau,france
973,longvic,france
974,lons,france
975,lorient,france
976,lormont,france
977,louveciennes,france
978,lunel,france
979,lusignan,france
980,lyon,france
981,macon,france
982,magny-les-hameaux,france
983,maisons-alfort,france
984,maisons-laffitte,france
985,malakoff,france
986,mandelieu-la-napoule,france
987,manosque,france
988,mantes-la-jolie,france
989,marcoussis,france
990,marcq-en-baroeul,france
991,marignane,france
992,marly-le-roi,france
993,marne-la-vallee,france
994,marseille,france
995,martigues,france
996,massy,france
997,maubeuge,france
998,mauguio,france
999,maurepas,france
1000,maxeville,france
1001,meaux,france
1002,melun,france
1003,mende,france
1004,mennecy,france
1005,merignac,france
1006,metz,france
1007,meudon,france
1008,meylan,france
1009,mondeville,france
1010,montataire,france
1011,montauban,france
1012,montbeliard,france
1013,montbrison,france
1014,montelimar,france
1015,montereau,france
1016,montesson,france
1017,montfavet,france
1018,montgeron,france
1019,montigny-le-bretonneux,france
1020,montlhery,france
1021,montpellier,france
1022,montreuil,france
1023,montrouge,france
1024,mont-saint-aignan,france
1025,montsurs,france
1026,morigny-champigny,france
1027,morlaix,france
1028,mougins,france
1029,moulins,france
1030,mulhouse,france
1031,nancy,france
1032,nanterre,france
1033,nantes,france
1034,nemours,france
1035,neufchateau,france
1036,neuilly-sur-marne,france
1037,neuilly-sur-seine,france
1038,nevers,france
1039,nice,france
1040,nimes,france
1041,niort,france
1042,nogent-le-rotrou,france
1043,noisy-le-grand,france
1044,noisy-le-roi,france
1045,noisy-le-sec,france
1046,nozay,france
1047,nuits,france
1048,orange,france
1049,orleans,france
1050,orly,france
1051,orsay,france
1052,orthez,france
1053,orvault,france
1054,oullins,france
1055,oyonnax,france
1056,palaiseau,france
1057,pantin,france
1058,paray-vieille-poste,france
1059,paris,france
1060,parthenay,france
1061,pau,france
1062,perigueux,france
1063,peronne,france
1064,perpignan,france
1065,pertuis,france
1066,pessac,france
1067,pfastatt,france
1068,phalsbourg,france
1069,pierrefitte-sur-seine,france
1070,plaisir,france
1071,ploemeur,france
1072,poissy,france
1073,poitiers,france
1074,pontarlier,france
1075,pontivy,france
1076,pontoise,france
1077,portet-sur-garonne,france
1078,prades,france
1079,provins,france
1080,puget-sur-argens,france
1081,puteaux,france
1082,puyricard,france
1083,quimper,france
1084,rambouillet,france
1085,ramonville-saint-agne,france
1086,reaumur,france
1087,reims,france
1088,rennes,france
1089,reze,france
1090,richelieu,france
1091,rillieux-la-pape,france
1092,riom,france
1093,ris-orangis,france
1094,roanne,france
1095,rochecorbon,france
1096,rochefort,france
1097,rocquencourt,france
1098,rodez,france
1099,rognac,france
1100,roissy-en-brie,france
1101,roissy-en-france,france
1102,romainville,france
1103,romans-sur-isere,france
1104,romorantin,france
1105,rosny-sous-bois,france
1106,roubaix,france
1107,rouen,france
1108,rouffach,france
1109,rueil-malmaison,france
1110,rungis,france
1111,saclay,france
1112,saint-amand-les-eaux,france
1113,saint-aubin,france
1114,saint-barthelemy-d'anjou,france
1115,saint-chamond,france
1116,saint-cyr-sur-loire,france
1117,sainte-genevieve-des-bois,france
1118,saintes,france
1119,saint-genis-laval,france
1120,saint-genis-pouilly,france
1121,saint-germain-en-laye,france
1122,saint-herblain,france
1123,saint-jean-de-la-ruelle,france
1124,saint-mande,france
1125,saint-martin-d'heres,france
1126,saint-maur-des-fosses,france
1127,saint-ouen-l'aumone,france
1128,saint-pierre-du-mont,france
1129,saint-priest-en-jarez,france
1130,saint-quentin,france
1131,saint-raphael,france
1132,sallanches,france
1133,salon-de-provence,france
1134,sarcelles,france
1135,sarralbe,france
1136,sarrebourg,france
1137,sartrouville,france
1138,saumur,france
1139,sausheim,france
1140,saverne,france
1141,savigny-sur-orge,france
1142,schiltigheim,france
1143,seclin,france
1144,sedan,france
1145,selestat,france
1146,senlis,france
1147,sens,france
1148,serris,france
1149,sete,france
1150,sevran,france
1151,sevres,france
1152,seynod,france
1153,soissons,france
1154,sophia-antipolis,france
1155,sotteville-sous-le-val,france
1156,st aignan,france
1157,st cloud,france
1158,st-andre-les-vergers,france
1159,st-brieuc,france
1160,st-die,france
1161,st-etienne,france
1162,st-lambert,france
1163,st-lo,france
1164,st-malo,france
1165,st-nazaire,france
1166,st-ouen,france
1167,st-quentin-en-yvelines,france
1168,strasbourg,france
1169,suresnes,france
1170,surgeres,france
1171,talence,france
1172,tallard,france
1173,tarascon,france
1174,tarbes,france
1175,taverny,france
1176,toulon,france
1177,toulouse,france
1178,tourcoing,france
1179,tours,france
1180,trappes,france
1181,trebeurden,france
1182,troyes,france
1183,tulle,france
1184,valbonne,france
1185,valence,france
1186,valenciennes,france
1187,vallauris,france
1188,vandoeuvre-les-nancy,france
1189,vannes,france
1190,vanves,france
1191,vasselay,france
1192,vaugrigneuse,france
1193,velizy-villacoublay,france
1194,vendome,france
1195,venissieux,france
1196,vernon,france
1197,vernouillet,france
1198,versailles,france
1199,vert,france
1200,vertou,france
1201,vesoul,france
1202,vichy,france
1203,vienne,france
1204,vigny,france
1205,villefranche-sur-mer,france
1206,villefranche-sur-saone,france
1207,villejuif,france
1208,villeneuve-d'ascq,france
1209,villeneuve-les-avignon,france
1210,villeneuve-loubet,france
1211,villepinte,france
1212,villeurbanne,france
1213,villiers-saint-denis,france
1214,villiers-saint-frederic,france
1215,viroflay,france
1216,vitre,france
1217,vitrolles,france
1218,vitry-sur-seine,france
1219,voiron,france
1220,voisins-le-bretonneux,france
1221,wattrelos,france
1222,wissous,france
1223,yvetot,france
1224,yvette,france
1225,aachen,germany
1226,aalen,germany
1227,abensberg,germany
1228,achern,germany
1229,achim,germany
1230,aerzen,germany
1231,affing,germany
1232,ahaus,germany
1233,ahlen,germany
1234,ahrensburg,germany
1235,aichach,germany
1236,aichtal,germany
1237,ainring,germany
1238,albstadt,germany
1239,alf,germany
1240,allendorf,germany
1241,alpen,germany
1242,alpirsbach,germany
1243,alsdorf,germany
1244,alsfeld,germany
1245,altena,germany
1246,altenberge,germany
1247,altenburg,germany
1248,altenkirchen,germany
1249,altotting,germany
1250,alzenau in unterfranken,germany
1251,alzey,germany
1252,amberg,germany
1253,ampfing,germany
1254,andernach,germany
1255,angermunde,germany
1256,annaberg-buchholz,germany
1257,ansbach,germany
1258,aol,germany
1259,apfelstadt,germany
1260,apolda,germany
1261,arnsberg,germany
1262,arnstadt,germany
1263,arnstorf,germany
1264,arolsen,germany
1265,aschaffenburg,germany
1266,aschersleben,germany
1267,asperg,germany
1268,asslar,germany
1269,attendorn,germany
1270,aue,germany
1271,auerbach,germany
1272,augsburg,germany
1273,auma,germany
1274,aurich,germany
1275,babenhausen,germany
1276,backnang,germany
1277,bad aibling,germany
1278,bad bentheim,germany
1279,bad berleburg,germany
1280,bad bramstedt,germany
1281,bad camberg,germany
1282,bad doberan,germany
1283,bad driburg,germany
1284,bad durkheim,germany
1285,bad ems,germany
1286,bad gandersheim,germany
1287,bad hersfeld,germany
1288,bad homburg,germany
1289,bad kissingen,germany
1290,bad kreuznach,germany
1291,bad krozingen,germany
1292,bad laer,germany
1293,bad langensalza,germany
1294,bad mergentheim,germany
1295,bad nauheim,germany
1296,bad nenndorf,germany
1297,bad neuenahr-ahrweiler,germany
1298,bad neustadt an der saale,germany
1299,bad oeynhausen,germany
1300,bad oldesloe,germany
1301,bad pyrmont,germany
1302,bad reichenhall,germany
1303,bad rothenfelde,germany
1304,bad salzdetfurth,germany
1305,bad salzuflen,germany
1306,bad salzungen,germany
1307,bad schwartau,germany
1308,bad segeberg,germany
1309,bad soden am taunus,germany
1310,bad sulze,germany
1311,bad teinach,germany
1312,bad tolz,germany
1313,bad urach,germany
1314,bad vilbel,germany
1315,bad waldsee,germany
1316,bad wildungen,germany
1317,bad wurzach,germany
1318,bad zwischenahn,germany
1319,baden,germany
1320,baden-baden,germany
1321,badenweiler,germany
1322,baesweiler,germany
1323,baierbrunn,germany
1324,balingen,germany
1325,bamberg,germany
1326,barleben,germany
1327,barnstorf,germany
1328,barsinghausen,germany
1329,barth,germany
1330,bassum,germany
1331,baumholder,germany
1332,baunatal,germany
1333,bautzen,germany
1334,bayreuth,germany
1335,beckum,germany
1336,bedburg,germany
1337,beeskow,germany
1338,beetzendorf,germany
1339,beierfeld,germany
1340,beilngries,germany
1341,bendorf,germany
1342,bensheim,germany
1343,berching,germany
1344,berchtesgaden,germany
1345,berg,germany
1346,bergheim,germany
1347,bergisch gladbach,germany
1348,bergkamen,germany
1349,bergneustadt,germany
1350,berlin,germany
1351,bernburg,germany
1352,bernstadt,germany
1353,besigheim,germany
1354,bessenbach,germany
1355,betzdorf,germany
1356,biberach,germany
1357,biblis,germany
1358,biedenkopf,germany
1359,bielefeld,germany
1360,bietigheim-bissingen,germany
1361,bingen,germany
1362,birkenfeld,germany
1363,birkenwerder,germany
1364,bischofswerda,germany
1365,bispingen,germany
1366,bissendorf,germany
1367,bissingen,germany
1368,bitburg,germany
1369,bitterfeld,germany
1370,blaubeuren,germany
1371,blieskastel,germany
1372,blumberg,germany
1373,boblingen,germany
1374,bocholt,germany
1375,bochum,germany
1376,bogen,germany
1377,bonn,germany
1378,bonndorf,germany
1379,boppard,germany
1380,borchen,germany
1381,bordesholm,germany
1382,borken,germany
1383,borkum,germany
1384,borna,germany
1385,bornheim,germany
1386,bottrop,germany
1387,bovenden,germany
1388,brakel,germany
1389,bramsche,germany
1390,brandenburg,germany
1391,brannenburg,germany
1392,braunlingen,germany
1393,breisach am rhein,germany
1394,bremen,germany
1395,bremerhaven,germany
1396,bremervorde,germany
1397,bretten,germany
1398,brilon,germany
1399,bruchsal,germany
1400,bruckmuhl,germany
1401,brunswick,germany
1402,buchholz,germany
1403,buchloe,germany
1404,buckeburg,germany
1405,budelsdorf,germany
1406,budingen,germany
1407,buhl,germany
1408,bunde,germany
1409,burbach,germany
1410,burg,germany
1411,burgau,germany
1412,burgdorf,germany
1413,burgebrach,germany
1414,burghausen,germany
1415,burgheim,germany
1416,burgkunstadt,germany
1417,burglengenfeld,germany
1418,burgstadt,germany
1419,burladingen,germany
1420,burscheid,germany
1421,buseck,germany
1422,butzbach,germany
1423,buxtehude,germany
1424,cadolzburg,germany
1425,calw,germany
1426,castrop-rauxel,germany
1427,celle,germany
1428,cham,germny
1429,chemnitz,germany
1430,clausthal-zellerfeld,germany
1431,cloppenburg,germany
1432,coburg,germany
1433,cochem,germany
1434,coesfeld,germany
1435,cologne,germany
1436,coswig,germany
1437,cottbus,germany
1438,crailsheim,germany
1439,crimmitschau,germany
1440,cuxhaven,germany
1441,dachau,germany
1442,dahlewitz,germany
1443,damme,germany
1444,darmstadt,germany
1445,dasing,germany
1446,dassel,germany
1447,dassow,germany
1448,datteln,germany
1449,daun,germany
1450,deggendorf,germany
1451,deidesheim,germany
1452,delitzsch,germany
1453,delmenhorst,germany
1454,demmin,germany
1455,denkendorf,germany
1456,dessau,germany
1457,detmold,germany
1458,dettelbach,germany
1459,dettingen am main,germany
1460,dieburg,germany
1461,diepholz,germany
1462,dierdorf,germany
1463,dietenheim,germany
1464,dietmannsried,germany
1465,dietzenbach,germany
1466,diez,germany
1467,dillenburg,germany
1468,dillingen,germany
1469,dinklage,germany
1470,dinslaken,germany
1471,ditzingen,germany
1472,dobeln,germany
1473,dohna,germany
1474,dombuhl,germany
1475,donaueschingen,germany
1476,donauworth,germany
1477,dormagen,germany
1478,dornach,germany
1479,dorsten,germany
1480,dortmund,germany
1481,dransfeld,germny
1482,dreieich,germany
1483,dresden,germany
1484,duderstadt,germany
1485,duisburg,germany
1486,dulmen,germany
1487,duren,germany
1488,dusseldorf,germany
1489,eberbach,germany
1490,ebern,germany
1491,ebersberg,germany
1492,ebersdorf,germany
1493,eberswalde,germany
1494,eching,germany
1495,eckernforde,germany
1496,ederheim,germany
1497,edewecht,germany
1498,eggenfelden,germany
1499,ehingen,germany
1500,ehningen,germany
1501,eibelstadt,germany
1502,eichstatt,germany
1503,eilenburg,germany
1504,einbeck,germany
1505,eisenach,germany
1506,eisenberg,germany
1507,eisenhuttenstadt,germany
1508,eisleben,germany
1509,ellwangen,germany
1510,elmshorn,germany
1511,eltville,germany
1512,emden,germany
1513,emmendingen,germany
1514,emmerich,germany
1515,emsdetten,germany
1516,enger,germany
1517,ennepetal,germany
1518,ennigerloh,germany
1519,eppingen,germany
1520,erbach,germany
1521,erding,germany
1522,erftstadt,germany
1523,erfurt,germany
1524,ergolding,germany
1525,erkelenz,germany
1526,erkrath,germany
1527,erlangen,germany
1528,erwitte,germany
1529,eschborn,germany
1530,eschede,germany
1531,eschenburg,germany
1532,eschwege,germany
1533,eschweiler,germany
1534,espelkamp,germany
1535,essen,germany
1536,esslingen,germany
1537,ettlingen,germany
1538,euskirchen,germany
1539,eutin,germany
1540,everswinkel,germany
1541,fahrdorf,germany
1542,falkensee,germany
1543,fallingbostel,germany
1544,fassberg,germany
1545,fellbach,germany
1546,feuchtwangen,germany
1547,filderstadt,germany
1548,finnentrop,germany
1549,finowfurt,germany
1550,flensburg,germany
1551,floss,germany
1552,forchheim,germany
1553,forst,germany
1554,franken,germany
1555,frankenberg,germany
1556,frankenthal,germany
1557,frankfurt am main,germany
1558,frankfurt an der oder,germany
1559,frechen,germany
1560,freiberg,germany
1561,freiburg,germany
1562,freilassing,germany
1563,freising,germany
1564,freudenberg,germany
1565,freudenstadt,germany
1566,freyung,germany
1567,frickenhausen,germany
1568,friedberg,germany
1569,friedrichsdorf,germany
1570,friedrichshafen,germany
1571,frondenberg,germany
1572,fulda,germany
1573,furstenau,germany
1574,furstenfeldbruck,germany
1575,furstenwalde,germany
1576,furth,germany
1577,furtwangen,germany
1578,fussen,germany
1579,gadebusch,germany
1580,gaggenau,germany
1581,gaimersheim,germany
1582,ganderkesee,germany
1583,garbsen,germany
1584,garching,germany
1585,garmisch-partenkirchen,germany
1586,garrel,germany
1587,gauting,germany
1588,geesthacht,gernany
1589,geilenkirchen,germany
1590,geislingen,germany
1591,geithain,germany
1592,geldern,germany
1593,gelnhausen,germany
1594,gelsenkirchen,germany
1595,genthin,germany
1596,georgsmarienhutte,germany
1597,gera,germany
1598,geretsried,germany
1599,gerlingen,germany
1600,germering,germany
1601,germersheim,germany
1602,gerolstein,germany
1603,gersthofen,germany
1604,gevelsberg,germany
1605,giengen an der brenz,germany
1606,giessen,germany
1607,gifhorn,germany
1608,gilching,germany
1609,gladbeck,germany
1610,glauchau,germany
1611,glinde,germany
1612,gluckstadt,germany
1613,goch,germany
1614,goldberg,germany
1615,golssen,germany
1616,gomaringen,germany
1617,goppingen,germany
1618,gorlitz,germany
1619,goslar,germany
1620,gotha,germany
1621,gottingen,germany
1622,gottmadingen,germany
1623,grafelfing,germany
1624,grafenau,germany
1625,grafenwohr,germany
1626,gransee,germany
1627,grasbrunn,germany
1628,grassau,germany
1629,grebenhain,germany
1630,greding,germany
1631,greifswald,germany
1632,greiz,germany
1633,grenzach-wyhlen,germany
1634,greven,germany
1635,grevenbroich,germany
1636,griesheim,germany
1637,grimma,germany
1638,grobenzell,germany
1639,gronau,germany
1640,grossbeeren,germany
1641,grossenhain,germany
1642,gross-gerau,germany
1643,grossostheim,germany
1644,gross-umstadt,germany
1645,grunberg,germany
1646,grunstadt,germany
1647,grunwald,gernamy
1648,guben,gernamy
1649,gudensberg,gernamy
1650,guglingen,gernamy
1651,gummersbach,gernamy
1652,gunzburg,gernamy
1653,gunzenhausen,gernamy
1654,gustrow,gernamy
1655,gutersloh,gernamy
1656,haan,gernamy
1657,haar,gernamy
1658,hachenburg,gernamy
1659,hagen,gernamy
1660,haiger,gernamy
1661,hainichen,gernamy
1662,halberstadt,gernamy
1663,halblech,gernamy
1664,haldensleben,germany
1665,hallbergmoos,germany
1666,halle,germany
1667,hallstadt,germany
1668,haltern,germany
1669,hamburg,germany
1670,hameln,germany
1671,hamm,germany
1672,hammelburg,germany
1673,hanau am main,germany
1674,hannover,germany
1675,hardheim,germany
1676,haren,germany
1677,harrislee,germany
1678,harsewinkel,germany
1679,harsum,germany
1680,hassfurt,germany
1681,hassloch,germany
1682,hattingen,germany
1683,hauzenberg,germany
1684,hechingen,germany
1685,heddesheim,germany
1686,heeslingen,germany
1687,heide,germany
1688,heidelberg,germany
1689,heidenheim,germany
1690,heilbronn,germany
1691,heiligenhaus,germany
1692,heinsberg,germany
1693,helmstedt,germany
1694,hemer,germany
1695,hemmingen,germany
1696,hennef,germany
1697,hennigsdorf,germany
1698,henstedt-ulzburg,germany
1699,heppenheim an der bergstrasse,germany
1700,herborn,germany
1701,herdecke,germany
1702,herford,germany
1703,hermsdorf,germany
1704,herne,germany
1705,herrenberg,germany
1706,herrnburg,germany
1707,hersbruck,germany
1708,herten,germany
1709,herzberg,germany
1710,herzogenaurach,germany
1711,herzogenrath,germany
1712,hessisch oldendorf,germany
1713,hettstedt,germany
1714,hiddenhausen,germany
1715,hildburghausen,germany
1716,hilden,germany
1717,hildesheim,germany
1718,hillesheim,germany
1719,hirschberg,germany
1720,hirschhorn,germany
1721,hochberg,germany
1722,hochheim am main,germany
1723,hockenheim,germany
1724,hof,germany
1725,hofheim am taunus,germany
1726,hohenstein-ernstthal,germany
1727,hohenwestedt,germany
1728,hohr-grenzhausen,germany
1729,holzkirchen,germany
1730,holzminden,germany
1731,holzwickede,germany
1732,homburg,germany
1733,horb am neckar,germany
1734,hornberg,germany
1735,horstel,germany
1736,horstmar,germany
1737,hoxter,germany
1738,hoyerswerda,germany
1739,huckelhoven,germany
1740,huckeswagen,germany
1741,hude,germany
1742,hungen,germany
1743,hurth,germany
1744,husum,germany
1745,ibbenburen,germany
1746,ichenhausen,germany
1747,icking,germany
1748,idar-oberstein,germany
1749,idstein,germany
1750,iffezheim,germany
1751,illertissen,germany
1752,ilmenau,germany
1753,immelborn,germany
1754,immenstadt,germany
1755,ingelheim am rhein,germany
1756,ingolstadt,germany
1757,iserlohn,germany
1758,isernhagen,germany
1759,ismaning,germany
1760,isny im allgau,germany
1761,ispringen,germany
1762,itzehoe,germany
1763,jena,germany
1764,jettingen,germany
1765,julich,germany
1766,kaarst,germany
1767,kahl am main,germany
1768,kaisersesch,germany
1769,kaiserslautern,germany
1770,kall,germany
1771,kaltenkirchen,germany
1772,kamen,germany
1773,kamenz,germany
1774,kamp-lintfort,germany
1775,kappeln,germany
1776,karben,germany
1777,karlsbad,germany
1778,karlsfeld,germany
1779,karlsruhe,germany
1780,karlstadt,germany
1781,kassel,germany
1782,kastellaun,germany
1783,kaufbeuren,germany
1784,kaufering,germany
1785,kehl,germany
1786,kelheim,germany
1787,kelkheim,germany
1788,kelsterbach,germany
1789,kempen,germany
1790,kempten,germany
1791,kenzingen,germany
1792,kerken,germany
1793,kerpen,germany
1794,kesselsdorf,germany
1795,kevelaer,germany
1796,kiel,germany
1797,kirchentellinsfurt,germany
1798,kirchheim unter teck,germany
1799,kirchzarten,germany
1800,kirkel,germany
1801,kissing,germany
1802,kitzingen,germany
1803,klaus,germany
1804,kleinmachnow,germany
1805,kleve,germany
1806,koblenz,germany
1807,kolbermoor,germany
1808,kolleda,germany
1809,konigsbach,germany
1810,konigsberg in bayern,germany
1811,konigswinter,germany
1812,konstanz,germany
1813,korbach,germany
1814,kornwestheim,germany
1815,korschenbroich,germany
1816,kothen,germany
1817,kraichtal,germany
1818,krautheim,germany
1819,krefeld,germany
1820,kremmen,germany
1821,kreuzau,germany
1822,kriftel,germany
1823,kronach,germany
1824,kronberg,germany
1825,krumbach,germany
1826,kulmbach,germany
1827,kunzelsau,germany
1828,kusel,germany
1829,laatzen,germany
1830,lachendorf,germany
1831,ladenburg,germany
1832,lage,germany
1833,lahr,germany
1834,lampertheim,germany
1835,landau an der isar,germany
1836,landau in der pfalz,germany
1837,landsberg,germany
1838,landsberg am lech,germany
1839,landshut,germany
1840,landstuhl,germany
1841,langen,germany
1842,langenau,germany
1843,langenfeld,germany
1844,langenhagen,germany
1845,langewiesen,germany
1846,laubach,germany
1847,lauchhammer,germany
1848,lauf an der pegnitz,germany
1849,lauffen am neckar,germany
1850,lauingen,germany
1851,laupheim,germany
1852,lauterbach,germany
1853,lebach,germany
1854,leer,germany
1855,legden,germany
1856,lehrte,germany
1857,leichlingen,germany
1858,leimen,germany
1859,leinburg,germany
1860,leinfelden-echterdingen,germany
1861,leipzig,germany
1862,lemgo,germany
1863,lengerich,germany
1864,lenggries,germany
1865,lennestadt,germany
1866,lensahn,germany
1867,leonberg,germany
1868,leopoldshohe,germany
1869,leutkirch,germany
1870,leverkusen,germany
1871,lich,germany
1872,lichtenau,germany
1873,lichtenfels,germany
1874,lilienthal,germany
1875,limbach-oberfrohna,germany
1876,limburg an der lahn,germany
1877,lindau,germany
1878,lindenberg,germany
1879,lindlar,germany
1880,lingen,germany
1881,linnich,germany
1882,lippstadt,germany
1883,lobau,germany
1884,lohmar,germany
1885,lohne,germany
1886,lohr,germany
1887,lorch,germany
1888,lorrach,germany
1889,lubbecke,germany
1890,lubben,germany
1891,lubeck,germany
1892,luckau,germany
1893,luckenwalde,germany
1894,ludenscheid,germany
1895,ludinghausen,germany
1896,ludwigsburg,germany
1897,ludwigsfelde,germany
1898,ludwigshafen,germany
1899,luneburg,germany
1900,lunen,germany
1901,magdeburg,germany
1902,mainburg,germany
1903,maintal,germany
1904,mainz,germany
1905,maisach,germany
1906,malchin,germany
1907,malente,germany
1908,malsch,germany
1909,mammendorf,germany
1910,manheim,germany
1911,mannheim,germany
1912,marbach am neckar,germany
1913,marburg an der lahn,germany
1914,markdorf,germany
1915,markkleeberg,germany
1916,markt indersdorf,germany
1917,marktheidenfeld,germany
1918,marktredwitz,germany
1919,marl,germany
1920,marsberg,germany
1921,martinsried,germany
1922,mayen,germany
1923,mechernich,germany
1924,meckenbeuren,germany
1925,meckenheim,germany
1926,meerbusch,germany
1927,meersburg,germany
1928,meinerzhagen,germany
1929,meiningen,germany
1930,meissen,germany
1931,meldorf,germany
1932,melle,germany
1933,melsungen,germany
1934,memmingen,germany
1935,menden,germany
1936,meppen,germany
1937,mering,germany
1938,merseburg,germany
1939,mertingen,germany
1940,merzig,germany
1941,meschede,germany
1942,mettlach,germany
1943,mettmann,germany
1944,metzingen,germany
1945,michelstadt,germany
1946,miesbach,germany
1947,miltenberg,germany
1948,mindelheim,germany
1949,minden,germany
1950,mittenwald,germany
1951,mitterteich,germany
1952,mittweida,germany
1953,moers,germany
1954,monchengladbach,germany
1955,monheim,germany
1956,monschau,germany
1957,montabaur,germany
1958,moosburg,germany
1959,morfelden,germany
1960,morsbach,germany
1961,mosbach,germany
1962,muhlacker,germany
1963,muhldorf am inn,germany
1964,muhlenbeck,germany
1965,muhlhausen,germany
1966,mulheim an der ruhr,germany
1967,mullheim,germany
1968,munich,germany
1969,munster,germany
1970,murnau,germany
1971,mutterstadt,germany
1972,nabburg,germany
1973,nagold,germany
1974,nandlstadt,germany
1975,naumburg,germany
1976,nebra,germany
1977,neckarsulm,germany
1978,neckartenzlingen,germany
1979,nersingen,germany
1980,netphen,germany
1981,nettetal,germany
1982,neu-anspach,germany
1983,neubiberg,germany
1984,neubrandenburg,germany
1985,neuburg,germany
1986,neuendettelsau,germany
1987,neuenhagen,germany
1988,neuenhaus,germany
1989,neuenrade,germany
1990,neufahrn bei freising,germany
1991,neu-isenburg,germany
1992,neukirchen-vluyn,germany
1993,neumarkt in der oberpfalz,germany
1994,neumunster,germany
1995,neunkirchen,germany
1996,neuruppin,germany
1997,neuss,germany
1998,neustadt,germany
1999,neustadt an der weinstrasse,germany
2000,neustrelitz,germany
2001,neutraubling,germany
2002,neu-ulm,germany
2003,neuwied,germany
2004,nidderau,germany
2005,niedernberg,germany
2006,niedernhausen,germany
2007,nieder-olm,germany
2008,nienburg,germany
2009,nonnweiler,germany
2010,nordenham,germany
2011,norderstedt,germany
2012,nordhausen,germany
2013,nordhorn,germany
2014,nordlingen,germany
2015,norten-hardenberg,germany
2016,northeim,germany
2017,nuremberg,germany
2018,nurtingen,germany
2019,oberammergau,germany
2020,oberhaching,germany
2021,oberhausen,germany
2022,oberkirch,germany
2023,oberkochen,germany
2024,oberndorf,germany
2025,oberschleissheim,germany
2026,oberstaufen,germany
2027,oberstdorf,germany
2028,obersulm,germany
2029,obertshausen,germany
2030,oberursel,germany
2031,ochsenhausen,germany
2032,odelzhausen,germany
2033,oelde,germany
2034,offenbach am main,germany
2035,offenburg,germany
2036,ohringen,germany
2037,olching,germany
2038,oldenburg,germany
2039,olfen,germany
2040,olpe,germany
2041,oranienburg,germany
2042,ortenberg,germany
2043,oschatz,germany
2044,osnabruck,germany
2045,osterburg,germany
2046,osterholz-scharmbeck,germany
2047,osterode am harz,germany
2048,ostfildern,germany
2049,ottendorf-okrilla,germany
2050,ottobrunn,germany
2051,ottweiler,germany
2052,overath,germany
2053,owen,germany
2054,oyten,germany
2055,paderborn,germany
2056,papenburg,germany
2057,parchim,germany
2058,parsberg,germany
2059,parsdorf,germany
2060,pasewalk,germany
2061,passau,germany
2062,pegnitz,germany
2063,peine,germany
2064,penzberg,germany
2065,perl,germany
2066,pfaffenhofen an der ilm,germany
2067,pfarrkirchen,germany
2068,pfeffenhausen,germany
2069,pforzheim,germany
2070,pfronten,germany
2071,pfullendorf,germany
2072,pfullingen,germany
2073,pfungstadt,germany
2074,pinneberg,germany
2075,pirmasens,germany
2076,pirna,germany
2077,planegg,germany
2078,plattling,germany
2079,plau,germany
2080,plettenberg,germany
2081,pliening,germany
2082,pocking,germany
2083,pohlheim,germany
2084,polch,germany
2085,porta westfalica,germany
2086,potsdam,germany
2087,pottmes,germany
2088,preetz,germany
2089,prenzlau,germany
2090,prien am chiemsee,germany
2091,prum,germany
2092,puchheim,germany
2093,pulheim,germany
2094,putbus,germany
2095,quedlinburg,germany
2096,quickborn,germany
2097,radeberg,germany
2098,radebeul,germany
2099,radevormwald,germany
2100,radolfzell,germany
2101,raisdorf,germany
2102,ramstein,germany
2103,rangendingen,germany
2104,rantum,germany
2105,rastatt,germany
2106,rathenow,germany
2107,ratingen,germany
2108,ratzeburg,germany
2109,raubling,germany
2110,raunheim,germany
2111,ravensburg,germany
2112,recklinghausen,germany
2113,rees,germany
2114,regen,germany
2115,regensburg,germany
2116,regenstauf,germany
2117,rehau,germany
2118,reichelsheim,germany
2119,reichenbach,germany
2120,reichertshofen,germany
2121,reinbek,germany
2122,reinfeld,germany
2123,rellingen,germany
2124,remagen,germany
2125,remscheid,germany
2126,renchen,germany
2127,rendsburg,germany
2128,renningen,germany
2129,reutlingen,germany
2130,rheda-wiedenbruck,germany
2131,rheinberg,germany
2132,rheine,germany
2133,rheinfelden,germany
2134,rheinsberg,germany
2135,rheinstetten,germany
2136,ribnitz-damgarten,germany
2137,riesa,germany
2138,rietberg,germany
2139,rinteln,germany
2140,rodenbach,germany
2141,rodental,germany
2142,rodermark,germany
2143,rodewisch,germany
2144,rodgau,germany
2145,roetgen,germany
2146,ronneburg,germany
2147,rosengarten,germany
2148,rosenheim,germany
2149,rosrath,germany
2150,rossdorf,germany
2151,rostock,germany
2152,rotenburg,germany
2153,roth,germany
2154,rothenburg,germany
2155,rothenburg ob der tauber,germany
2156,rottenbach,germany
2157,rottenburg,germany
2158,rottweil,germany
2159,rudolstadt,germany
2160,ruhstorf,germany
2161,russelsheim,germany
2162,rutesheim,germany
2163,saarbrucken,germany
2164,saarlouis,germany
2165,salzburg,germany
2166,salzgitter,germany
2167,salzkotten,germany
2168,salzwedel,germany
2169,sande,germany
2170,sangerhausen,germany
2171,sankt andreasberg,germany
2172,sassnitz,germany
2173,sauerlach,germany
2174,saulgau,germany
2175,schalksmuhle,germany
2176,schifferstadt,germany
2177,schiltach,germany
2178,schkeuditz,germany
2179,schleswig,germany
2180,schliersee,germany
2181,schlitz,germany
2182,schmalkalden,germany
2183,schmallenberg,germany
2184,schmelz,germany
2185,schmolln,germany
2186,schnaittenbach,germany
2187,schongau,germany
2188,schopfheim,germany
2189,schorndorf,germany
2190,schortens,germany
2191,schramberg,germany
2192,schrobenhausen,germany
2193,schwabach,germany
2194,schwabisch gmund,germany
2195,schwabisch hall,germany
2196,schwabmuenchen,germany
2197,schwalmstadt,germany
2198,schwandorf,germany
2199,schwangau,germany
2200,schwarmstedt,germany
2201,schwarzenbek,germany
2202,schwedt,germany
2203,schweinfurt,germany
2204,schwelm,germany
2205,schwenningen,germany
2206,schwerin,germany
2207,schwerte,germany
2208,schwetzingen,germany
2209,schwieberdingen,germany
2210,sebnitz,germany
2211,seelze,germany
2212,seevetal,germany
2213,selb,germany
2214,selm,germany
2215,senden,germany
2216,sendenhorst,germany
2217,senftenberg,germany
2218,sesslach,germany
2219,siegburg,germany
2220,siegen,germany
2221,siegertsbrunn,germany
2222,sigmaringen,germany
2223,simbach,germany
2224,simmern,germany
2225,sindelfingen,germany
2226,singen,germany
2227,sinsheim,germany
2228,sittensen,germany
2229,sobernheim,germany
2230,soest,germany
2231,solingen,germany
2232,soltau,germany
2233,sondershausen,germany
2234,sonneberg,germany
2235,sonsbeck,germany
2236,sonthofen,germany
2237,speyer,germany
2238,springe,germany
2239,sprockhovel,germany
2240,st augustin,germany
2241,st ingbert,germany
2242,st wendel,germany
2243,stade,germany
2244,stadtallendorf,germany
2245,stadtbergen,germany
2246,stadthagen,germany
2247,stadtlohn,germany
2248,staffelstein,germany
2249,stahl,germany
2250,starnberg,germany
2251,staufen im breisgau,germany
2252,steinen,germany
2253,steinfurt,germany
2254,stendal,germany
2255,stephanskirchen,germany
2256,stockach,germany
2257,stockheim,germany
2258,stockstadt,germany
2259,stolberg,germany
2260,straelen,germany
2261,stralsund,germany
2262,straubenhardt,germany
2263,straubing,germany
2264,strausberg,germany
2265,stuhr,germany
2266,stutensee,germany
2267,stuttgart,germany
2268,sugenheim,germany
2269,suhl,germany
2270,sulingen,germany
2271,sulz,germany
2272,sulzbach-rosenberg,germany
2273,sundern,germany
2274,sussen,germany
2275,swisttal,germany
2276,syke,germany
2277,tauberbischofsheim,germany
2278,taufkirchen,germany
2279,taunusstein,germany
2280,telgte,germany
2281,teltow,germany
2282,templin,germany
2283,teningen,germany
2284,tettau,germany
2285,tettnang,germany
2286,teutschenthal,germany
2287,tiefenbach,germany
2288,tirschenreuth,germany
2289,tittmoning,germany
2290,tonisvorst,germany
2291,torgau,germany
2292,torgelow,germany
2293,tornesch,germany
2294,traunreut,germany
2295,traunstein,germany
2296,trebur,germany
2297,triberg,germany
2298,trier,germany
2299,triesdorf,germany
2300,troisdorf,germany
2301,trossingen,germany
2302,trusetal,germany
2303,tubingen,germany
2304,turkheim,germany
2305,tuttlingen,germany
2306,tutzing,germany
2307,twist,germany
2308,twistringen,germany
2309,uberlingen,germany
2310,ubersee,germany
2311,uder,germany
2312,uelzen,germany
2313,uffenheim,germany
2314,uhingen,germany
2315,ulm,germany
2316,unna,germany
2317,unterfohring,germany
2318,unterhaching,germany
2319,unterschleissheim,germany
2320,usingen,germany
2321,vallendar,germany
2322,varel,germany
2323,vaterstetten,germany
2324,vechta,germany
2325,veitsbronn,germany
2326,velbert,germany
2327,verden,germany
2328,verl,germany
2329,versmold,germany
2330,viechtach,germany
2331,viernheim,germany
2332,viersen,germany
2333,villingen-schwenningen,germany
2334,vilsbiburg,germany
2335,vilshofen,germany
2336,vlotho,germany
2337,vogelsdorf,germany
2338,vohringen,germany
2339,volkach,germany
2340,volklingen,germany
2341,vreden,germany
2342,waakirchen,germany
2343,wachtberg,germany
2344,wadern,germany
2345,wadgassen,germany
2346,waiblingen,germany
2347,waldaschaff,germany
2348,waldbronn,germany
2349,waldburg,germany
2350,waldeck,germany
2351,waldenbuch,germany
2352,waldenburg,germany
2353,waldkirch,germany
2354,waldkraiburg,germany
2355,waldmunchen,germany
2356,waldshut,germany
2357,walldorf,germany
2358,wallenhorst,germany
2359,walsrode,germany
2360,waltenhofen,germany
2361,waltrop,germany
2362,wangen im allgau,germany
2363,warburg,germany
2364,waren,germany
2365,warendorf,germany
2366,warstein,germany
2367,wasserburg am inn,germany
2368,wedel,germany
2369,wedemark,germany
2370,weeze,germany
2371,wegberg,germany
2372,wehr,germany
2373,weiden,germany
2374,weil am rhein,germany
2375,weil der stadt,germany
2376,weilburg,germany
2377,weilerbach,germany
2378,weilheim,germany
2379,weimar,germany
2380,weingarten,germany
2381,weinheim,germany
2382,weinsberg,germany
2383,weinstadt,germany
2384,weissach,germany
2385,weissenburg in bayern,germany
2386,weissenfels,germany
2387,weissenhorn,germany
2388,weissensee,germany
2389,weisswasser,germany
2390,weiterstadt,germany
2391,weitnau,germany
2392,wemding,germany
2393,wendelstein,germany
2394,wendlingen am neckar,germany
2395,werdau,germany
2396,werdohl,germany
2397,werl,germany
2398,wermelskirchen,germany
2399,wernigerode,germany
2400,wertheim,germany
2401,wesel,germany
2402,wesseling,germany
2403,westerland,germany
2404,wetter,germany
2405,wetzlar,germany
2406,weyhe,germany
2407,wiehl,germany
2408,wiesbaden,germany
2409,wiesloch,germany
2410,wietmarschen,germany
2411,wiggensbach,germany
2412,wildau,germany
2413,wildeshausen,germany
2414,wilhelmshaven,germany
2415,willich,germany
2416,willingen,germany
2417,wilnsdorf,germany
2418,wilsenroth,germany
2419,wilster,germany
2420,windeck,germany
2421,winnenden,germany
2422,winterberg,germany
2423,wipperfurth,germany
2424,wismar,germany
2425,wissen,germany
2426,witten,germany
2427,wittenberg,germany
2428,wittenberge,germany
2429,wittenburg,germany
2430,wittlich,germany
2431,wittmund,germany
2432,wittstock,germany
2433,wolfen,germany
2434,wolfenbuttel,germany
2435,wolfhagen,germany
2436,wolfratshausen,germany
2437,wolfsburg,germany
2438,wolnzach,germany
2439,worms,germany
2440,worth am rhein,germany
2441,wunstorf,germany
2442,wuppertal,germany
2443,wurselen,germany
2444,wurzburg,germany
2445,wusterhausen,germany
2446,xanten,germany
2447,zaberfeld,germany
2448,zeitz,germany
2449,zeulenroda,germany
2450,zeuthen,germany
2451,zinnowitz,germany
2452,zirndorf,germany
2453,zittau,germany
2454,zorbig,germany
2455,zorneding,germany
2456,zossen,germany
2457,zweibrucken,germany
2458,zwickau,germany
2459,zwonitz,germany
2460,plauen,germny
